{"角色活动祈愿": {"总抽数": 1346, "3星概率": 0.85141, "4星概率": 0.13373, "5星概率": 0.01486, "五星平均抽卡数": 67.3}, "武器活动祈愿": {"总抽数": 373, "3星概率": 0.83646, "4星概率": 0.14209, "5星概率": 0.02145, "五星平均抽卡数": 46.625}, "常驻祈愿": {"总抽数": 258, "3星概率": 0.86047, "4星概率": 0.12791, "5星概率": 0.01163, "五星平均抽卡数": 86.0}}